,x,y,z,qx,qy,qz,qw
0,2.62184333801,6.25428104401,0.0,0.0,0.0,0.975735909993,-0.218950756908
1,-5.71414089203,2.25862360001,0.0,0.0,0.0,0.22724220458,0.973838272229
2,3.89209318161,7.02166938782,0.0,0.0,0.0,0.95748599864,-0.288479743496
3,-5.9363079071,2.26471829414,0.0,0.0,0.0,0.2712832144,0.962499567576
