,Unnamed: 0,x,y,z,qx,qy,qz,qw,type
0,0,0.15772588551,0.0544255338609,0.0,0.0,0.0,-0.185628354549,0.982620000839,1.0
1,1,-0.856171309948,0.283266842365,0.0,0.0,0.0,-0.998417377472,0.0562380068004,1.0
2,2,-1.87989354134,0.140546441078,0.0,0.0,0.0,-0.999112427235,0.0421235635877,1.0
3,3,-2.89839410782,0.0320990011096,0.0,0.0,0.0,-0.999361276627,0.0357360579073,1.0
4,4,-1.86973452568,-0.252167165279,0.0,0.0,0.0,0.992286741734,0.123963683844,1.0
5,5,-0.853246927261,-0.420733094215,0.0,0.0,0.0,0.999909996986,0.0134184667841,1.0
