,x,y,z,qx,qy,qz,qw
0,-3.44893932343,-0.810762345791,0.0,0.0,0.0,-0.187979586654,0.982172935384
1,-0.526305675507,-1.38832855225,0.0,0.0,0.0,-0.717586807487,0.696469075925
2,-7.72583341599,1.86914467812,0.0,0.0,0.0,-0.143436237764,0.989659560504
