,x,y,z,qx,qy,qz,qw,type,map
0,0.0137985963374,-0.00185734382831,0.0,0.0,0.0,8.56034530443e-05,1.0,1.0,0.0
1,0.88478910923,0.934456050396,0.0,0.0,0.0,0.239573419094,0.970878243446,1.0,0.0
2,1.68819439411,1.54326796532,0.0,0.0,0.0,0.324916154146,0.945742845535,1.0,0.0
