,Unnamed: 0,x,y,z,qx,qy,qz,qw,type
0,0,-8.96022129059,6.16861534119,0.0,0.0,0.0,-0.578240511832,0.815866355769,0.0
