,Unnamed: 0,x,y,z,qx,qy,qz,qw,type
0,0,-7.50804758072,5.54658222198,0.0,0.0,0.0,-0.775100914917,0.631837456705,0.0
1,1,-7.54758167267,0.429397106171,0.0,0.0,0.0,-0.684555268218,0.728960962435,0.0
2,2,-6.4005613327,-2.71016478539,0.0,0.0,0.0,-0.598342211735,0.801240661509,0.0
