,Unnamed: 0,x,y,z,qx,qy,qz,qw,type
0,0,0.0281533841044,-0.0119949355721,0.0,0.0,0.0,0.00831623375416,0.999965429306,1.0
1,1,0.0267598330975,-0.10189756006,0.0,0.0,0.0,-0.92021548748,0.391412079334,1.0
