,Unnamed: 0,x,y,z,qx,qy,qz,qw,type
0,0,-7.453104496,0.61475777626,0.0,0.0,0.0,-0.742841777943,0.66946702155,0.0
