,Unnamed: 0,x,y,z,qx,qy,qz,qw,type
0,0,0.0,0.0,0.0,0.0,0.0,0.0,1.0,1.0
1,1,2.04492712021,-1.44908940792,0.0,0.0,0.0,0.0,1.0,1.0
