,Unnamed: 0,x,y,z,qx,qy,qz,qw,type
0,0,-0.345280140638,0.981248557568,0.0,0.0,0.0,0.363041609526,0.931772947311,1.0
1,1,0.503268063068,1.58446860313,0.0,0.0,0.0,0.323047697544,0.946382701397,1.0
2,2,1.17603993416,2.32501506805,0.0,0.0,0.0,0.361139059067,0.932511985302,1.0
