,Unnamed: 0,x,y,z,qx,qy,qz,qw,type
0,0,-8.20979499817,1.61530733109,0.0,0.0,0.0,-0.615888377381,0.787833425672,0.0
