,Unnamed: 0,x,y,z,qx,qy,qz,qw,type
0,0,-9.66213035583,8.53368663788,0.0,0.0,0.0,-0.626210950245,0.779653670416,4.0
1,1,-7.84295606613,0.833208918571,0.0,0.0,0.0,-0.635646514183,0.771980251695,4.0
2,2,-8.33017730713,-2.00643420219,0.0,0.0,0.0,-0.59088730931,0.806754106092,0.0
