,x,y,z,qx,qy,qz,qw
0,1.20060944557,6.65179300308,0.0,0.0,0.0,0.936267050591,-0.35128906897
1,-1.10427701473,3.17466115952,0.0,0.0,0.0,0.989891380874,-0.141827550465
2,-2.90691423416,3.85748815536,0.0,0.0,0.0,0.989049373854,-0.147585013056
