,Unnamed: 0,x,y,z,qx,qy,qz,qw,type
0,0,0.00156566302758,0.019551821053,0.0,0.0,0.0,-0.0179529897869,0.999838829041,1.0
1,1,-5.15583372116,-1.15283381939,0.0,0.0,0.0,-0.888674139977,0.45853933692,1.0
