,Unnamed: 0,x,y,z,qx,qy,qz,qw,type
0,0,-2.50842571259,-0.557809114456,0.0,0.0,0.0,-0.875343203545,0.483502089977,1.0
