,Unnamed: 0,x,y,z,qx,qy,qz,qw,type
0,0,0.0,0.0,0.0,0.0,0.0,0.0,1.0,1.0
1,1,-0.743118464947,1.89143562317,0.0,0.0,0.0,0.90535646677,0.424652457237,1.0
2,2,-0.743118464947,1.89143562317,0.0,0.0,0.0,0.90535646677,0.424652457237,1.0
3,3,3.40959572792,0.0271236039698,0.0,0.0,0.0,-0.0279608275741,0.99960899353,1.0
