,Unnamed: 0,x,y,z,qx,qy,qz,qw,type
0,0,0.759475052357,0.0524158515036,0.0,0.0,0.0,-0.667486250401,0.74462211132,1.0
1,1,0.014106489718,-0.650718867779,0.0,0.0,0.0,-0.536892950535,0.843650341034,1.0
