,x,y,z,qx,qy,qz,qw,type
0,-4.5797038078,0.7490935326,0,0,0,0.9462745555,0.3233642924,0
1,-7.9052567482,3.0155344009,0,0,0,0.9555401464,0.2948610328,0
2,-2.2312791348,-1.0412886143,0,0,0,0.0496491849,0.9987667187,0
