,Unnamed: 0,x,y,z,qx,qy,qz,qw,type
0,0,5.98346328735,-114.622711182,0.0,0.0,0.0,-0.655235443045,0.755424724362,0.0
1,1,6.20988845825,-139.209899902,0.0,0.0,0.0,-0.702242530709,0.711937797889,0.0
