,Unnamed: 0,x,y,z,qx,qy,qz,qw,type
0,0,-8.36671352386,9.17103481293,0.0,0.0,0.0,-0.593938042201,0.804510784282,0.0
1,1,-6.78238868713,4.25914001465,0.0,0.0,0.0,-0.617519938928,0.78655522694,0.0
2,2,-9.25592327118,5.58307266235,0.0,0.0,0.0,-0.571859013243,0.82035191776,0.0
