,Unnamed: 0,x,y,z,qx,qy,qz,qw
0,0,14.3014659882,-3.84946632385,0.0,0.0,0.0,-0.860851414965,0.508856405436
