,Unnamed: 0,x,y,z,qx,qy,qz,qw,type
0,0,0.183846890926,-0.0450844652951,0.0,0.0,0.0,-0.0161454454064,0.999869644642,1.0
1,1,-2.42962002754,-0.621175706387,0.0,0.0,0.0,0.879208505154,0.476437211037,1.0
