,Unnamed: 0,x,y,z,qx,qy,qz,qw,type
0,0,0.721270382404,2.01403236389,0.0,0.0,0.0,0.65654104948,0.754290282726,1.0
1,1,2.45705986023,3.14481425285,0.0,0.0,0.0,-0.309081792831,0.951035439968,1.0
2,2,1.61064052582,3.77398610115,0.0,0.0,0.0,-0.324525505304,0.945876955986,1.0
