,Unnamed: 0,x,y,z,qx,qy,qz,qw,type
0,0,-0.378948926926,0.485301703215,0.0,0.0,0.0,0.331222444773,0.943552672863,1.0
