,Unnamed: 0,x,y,z,qx,qy,qz,qw,type
0,0,0.711389124393,-0.61314445734,0.0,0.0,0.0,-0.441226959229,0.897395551205,1.0
1,1,-1.80160713196,-1.12885916233,0.0,0.0,0.0,-0.441324055195,0.897347807884,1.0
2,2,-1.16013157368,-1.90555286407,0.0,0.0,0.0,-0.438454449177,0.898753404617,1.0
3,3,-1.07751858234,-1.99962961674,0.0,0.0,0.0,-0.435704499483,0.900089740753,1.0
