,Unnamed: 0,x,y,z,qx,qy,qz,qw,type
0,0,0.502462089062,0.593330085278,0.0,0.0,0.0,0.377425968647,0.926039755344,1.0
1,1,-1.96908950806,-1.50956308842,0.0,0.0,0.0,0.377326875925,0.926080167294,1.0
2,2,-1.67839324474,-2.49065423012,0.0,0.0,0.0,-0.785447657108,0.618928074837,1.0
3,3,-2.47083306313,-3.13972330093,0.0,0.0,0.0,-0.984817564487,0.173592448235,1.0
4,4,-2.53430223465,-3.16852331161,0.0,0.0,0.0,-0.984564781189,0.175020426512,1.0
5,5,-2.41409564018,-0.345861524343,0.0,0.0,0.0,-0.984569609165,0.1749933213,1.0
6,6,-2.2509958744,-0.319202750921,0.0,0.0,0.0,-0.942243933678,0.334927350283,1.0
