,Unnamed: 0,x,y,z,qx,qy,qz,qw
0,0,11.814166069,-6.99413776398,0.0,0.0,0.0,0.875660538857,-0.482927138075
