,x,y,z,qx,qy,qz,qw,type,map
0,-5.50150818401,-34.1438759515,0.625707294201,0.00923364198462,-0.0150737917297,0.886747694978,-0.461915626614,1.0,0.0
1,-6.20998381882,-34.8853054773,0.713434924277,-0.0118333376034,0.0251623820729,-0.856141455295,0.515992863493,1.0,0.0
2,-6.28297859413,-35.9122014611,0.720719838873,-0.00150316663042,0.0225417860446,-0.827668937124,0.560761748778,1.0,0.0
3,-6.9332019119,-36.6887328024,0.776229162728,0.00745695812518,-0.00727017776322,0.930663325126,-0.365728469709,1.0,0.0
4,-6.29810793639,-35.9042174536,0.53050744893,-0.039064255346,0.0103738836504,-0.712530444235,0.700476075631,1.0,0.0
5,-6.20401947113,-34.8917683494,0.449185358359,-0.032720075766,-0.00197181118324,-0.835721079791,0.548174958746,1.0,0.0
6,-5.61773170534,-34.0607267154,0.529243631196,0.0104640234754,-0.0140973794551,0.897004570962,-0.441672466629,1.0,0.0
