,Unnamed: 0,x,y,z,qx,qy,qz,qw,type
0,0,0.748996734619,-0.954257488251,0.0,0.0,0.0,-0.603067159653,0.797690391541,1.0
1,1,-3.03425526619,-0.578395605087,0.0,0.0,0.0,-0.603222370148,0.797573029995,1.0
2,2,-3.61340880394,0.248930677772,0.0,0.0,0.0,-0.076259188354,0.997088015079,1.0
