,Unnamed: 0,x,y,z,qx,qy,qz,qw,type
0,0,25.9168148041,-9.80774116516,0.0,0.0,0.0,-0.810654390141,0.585524943743,0.0
1,1,14.6905126572,-34.1340255737,0.0,0.0,0.0,0.980970386511,-0.194157412396,0.0
2,2,14.0636539459,-43.5491409302,0.0,0.0,0.0,-0.838294347752,0.545217925721,0.0
3,3,6.26028680801,-53.1582336426,0.0,0.0,0.0,0.991021579918,0.133702012462,0.0
4,4,11.716796875,-40.726852417,0.0,0.0,0.0,0.92352696397,0.383533501562,0.0
5,5,24.8097190857,-9.6706571579,0.0,0.0,0.0,0.561731028026,0.827319921283,0.0
