,Unnamed: 0,x,y,z,qx,qy,qz,qw,type
0,0,0.0,0.0,0.0,0.0,0.0,0.0,1.0,1.0
1,1,1.86225426197,-0.956925094128,0.0,0.0,0.0,0.0,1.0,1.0
