,Unnamed: 0,x,y,z,qx,qy,qz,qw,type
0,0,1.2012822628,-0.623515129089,0.0,0.0,0.0,-0.171483904123,0.985186934471,1.0
1,1,-0.000692061788868,-0.00011402083328,0.0,0.0,0.0,-0.171467021108,0.985189855099,1.0
2,2,-0.959339380264,0.335624575615,0.0,0.0,0.0,-0.170673519373,0.985327661037,1.0
