,Unnamed: 0,x,y,z,qx,qy,qz,qw,type
0,0,-0.399802982807,-4.87891960144,0.0,0.0,0.0,-0.999999523163,0.000990585307591,1.0
1,1,-5.28703784943,1.80376303196,0.0,0.0,0.0,0.466537326574,0.884501516819,1.0
2,2,-4.65733385086,0.960494160652,0.0,0.0,0.0,-0.498167127371,0.867081046104,1.0
3,3,-3.97091984749,0.209236443043,0.0,0.0,0.0,-0.259904623032,0.965634286404,1.0
4,4,-3.07165622711,-0.256833434105,0.0,0.0,0.0,-0.200952112675,0.979601085186,1.0
5,5,-2.10110545158,-0.524215400219,0.0,0.0,0.0,-0.141826659441,0.989891529083,1.0
