,Unnamed: 0,x,y,z,qx,qy,qz,qw,type
0,0,0.516347289085,-0.236986428499,0.0,0.0,0.0,-0.151315450668,0.988485515118,1.0
1,1,-3.06231856346,-0.443314671516,0.0,0.0,0.0,-0.15142993629,0.988467991352,1.0
2,2,-3.08820533752,-1.48442566395,0.0,0.0,0.0,-0.763206779957,0.646154344082,1.0
3,3,-3.24000787735,-0.494863420725,0.0,0.0,0.0,-0.424427062273,0.905462145805,1.0
