,Unnamed: 0,x,y,z,qx,qy,qz,qw,type
0,0,-4.71201086044,5.86870145798,0.0,0.0,0.0,-0.728508393203,0.685036875673,0.0
1,1,-8.72913551331,3.80985784531,0.0,0.0,0.0,0.694816668253,0.719186900269,0.0
