,x,y,z,qx,qy,qz,qw,type,map
0,2.45824742317,7.57093143463,0.0,0.0,0.0,-0.447508394718,0.894279718399,1.0,0.0
1,3.24031734467,6.85816717148,0.0,0.0,0.0,-0.294454455376,0.955665528774,1.0,0.0
2,4.01423311234,6.18286752701,0.0,0.0,0.0,-0.124538362026,0.992214798927,1.0,0.0
3,3.13826656342,6.69951963425,0.0,0.0,0.0,-0.44077667594,0.897616803646,1.0,0.0
