,Unnamed: 0,x,y,z,qx,qy,qz,qw,type
0,0,-5.99294544372e-05,0.000205020711292,0.0,0.0,0.0,-0.000342964165611,0.999999940395,2.0
1,1,0.88944375515,0.465395122766,0.0,0.0,0.0,0.241738036275,0.970341563225,2.0
