,x,y,z,qx,qy,qz,qw,type,map
0,-5.51405885275,-33.9351577982,0.598893598082,0.0138486120135,-0.0110119331856,0.900613442316,-0.434260729047,1.0,0.0
1,-6.14150164393,-34.7383269936,0.655749098828,-0.0164442609652,0.0139045384399,-0.830565919062,0.556503822255,1.0,0.0
2,-6.18250965346,-35.7380257284,0.684479393696,-0.027359745118,0.0273377842223,-0.70488378402,0.708267563091,1.0,0.0
3,-6.76661219852,-36.6005208401,0.726118862582,0.0264496435675,-0.00549861497125,0.969656118182,-0.242975706731,1.0,0.0
4,-7.75939116631,-36.8299752061,0.757934858322,0.0219188401399,-0.00609835790846,0.99852713825,-0.0492537171775,1.0,0.0
