,Unnamed: 0,x,y,z,qx,qy,qz,qw,type
0,0,-0.0107932416722,-0.0233770050108,0.0,0.0,0.0,-0.564313828945,0.825560331345,1.0
1,1,-2.45814657211,-0.725269556046,0.0,0.0,0.0,-0.564601182938,0.825363874435,1.0
2,2,-2.34457802773,-0.875450968742,0.0,0.0,0.0,-0.196882888675,0.980427026749,1.0
3,3,-2.84146165848,-0.825379729271,0.0,0.0,0.0,-0.700807034969,0.713350892067,1.0
4,4,-2.85497426987,-0.360037833452,0.0,0.0,0.0,-0.42666476965,0.904409825802,1.0
