,x,y,z,qx,qy,qz,qw,type
0,-7.4060397148,2.4808330536,0,0,0,0.9263530707,0.3766563266,0
1,-0.5508975983,-2.0526173115,0,0,0,-0.3084652946,0.9512355975,0
2,-6.0436916351,1.5113108158,0,0,0,0.9565113295,0.2916951773,0
3,-1.9417848587,-1.1936130524,0,0,0,-0.3769620907,0.9262286879,0
