,Unnamed: 0,x,y,z,qx,qy,qz,qw,type
0,0,0.137439936399,-0.00829487945884,0.0,0.0,0.0,-0.0522753968835,0.998632729053,1.0
1,1,-2.48031115532,-0.690558314323,0.0,0.0,0.0,0.863452851772,0.504429519176,1.0
