,Unnamed: 0,x,y,z,qx,qy,qz,qw
0,0,20.5869979858,2.12191319466,0.0,0.0,0.0,0.917633255633,-0.397428242776
