,Unnamed: 0,x,y,z,qx,qy,qz,qw,type
0,0,-1.25136220455,-0.515141487122,0.0,0.0,0.0,0.906162858009,0.422928959131,1.0
1,1,-1.61118113995,0.440709382296,0.0,0.0,0.0,0.558599233627,0.829437732697,1.0
2,2,-1.0095717907,1.26249468327,0.0,0.0,0.0,0.344967722893,0.938614547253,1.0
3,3,-0.231696948409,1.94040846825,0.0,0.0,0.0,0.313022702932,0.94974565506,1.0
4,4,-0.928960561752,1.19172990322,0.0,0.0,0.0,0.39726421237,0.917704284191,7.0
5,5,-1.38774037361,0.290854781866,0.0,0.0,0.0,0.664303123951,0.747463285923,7.0
6,6,-1.12778186798,-0.679344058037,0.0,0.0,0.0,0.906855344772,0.421441972256,7.0
