,Unnamed: 0,x,y,z,qx,qy,qz,qw,type
0,0,0.0125362556428,-0.00186156854033,0.0,0.0,0.0,-9.39629899221e-05,1.0,1.0
1,1,0.60394513607,0.877184927464,0.0,0.0,0.0,0.110561341047,0.993869304657,1.0
