,x,y,z,qx,qy,qz,qw,type,map
0,0.0127655239776,-0.00185758864973,0.0,0.0,0.0,8.56034530443e-05,1.0,1.0,0.0
