,Unnamed: 0,x,y,z,qx,qy,qz,qw,type
0,0,0.63203471899,1.0389714241,0.0,0.0,0.0,0.680914223194,0.732363164425,1.0
1,1,-2.47941064835,-2.70536208153,0.0,0.0,0.0,-0.51033949852,0.859973013401,1.0
2,2,-1.91001868248,-3.5291993618,0.0,0.0,0.0,-0.484036266804,0.875047922134,1.0
3,3,-1.21099257469,-4.25605392456,0.0,0.0,0.0,-0.0127542894334,0.99991863966,1.0
4,4,-1.86682033539,-3.48977017403,0.0,0.0,0.0,-0.522351026535,0.852730572224,1.0
5,5,-2.22621703148,-2.54535412788,0.0,0.0,0.0,-0.665185630322,0.746677994728,1.0
6,6,-2.49600124359,-1.56574106216,0.0,0.0,0.0,-0.562861323357,0.826551377773,1.0
