,Unnamed: 0,x,y,z,qx,qy,qz,qw,type
0,0,0.694631397724,-0.00799397192895,0.0,0.0,0.0,0.0635754540563,0.997977018356,1.0
1,1,-0.389973074198,-0.575170516968,0.0,0.0,0.0,-0.848903119564,0.528548419476,1.0
