,Unnamed: 0,x,y,z,qx,qy,qz,qw,type
0,0,-8.57786941528,1.57061648369,0.0,0.0,0.0,-0.609058115586,0.793125596509,0.0
1,1,-6.15616416931,-0.882694005966,0.0,0.0,0.0,-0.68290602254,0.730506238426,0.0
2,2,-2.1722548008,-5.85811471939,0.0,0.0,0.0,-0.168658675027,0.985674515922,0.0
3,3,-4.16016578674,-11.5738601685,0.0,0.0,0.0,0.965315441074,-0.261086382685,0.0
4,4,-11.549331665,-12.3056812286,0.0,0.0,0.0,0.999995837135,0.00288543123779,0.0
5,5,-7.13643360138,13.0589981079,0.0,0.0,0.0,-0.768254475846,0.640144562066,0.0
