,Unnamed: 0,x,y,z,qx,qy,qz,qw
0,0,11.9170827866,-5.99989509583,0.0,0.0,0.0,0.878458172085,-0.477819254422
