,x,y,z,qx,qy,qz,qw,type,map
0,-0.901279837604,-25.0233435109,0.281704238293,-0.0228786558841,0.0247703167971,-0.68132613005,0.73120291508,1.0,0.0
1,-0.456036653719,-25.9454217923,0.337699576832,-0.0269630678292,0.0215986059226,-0.447431430221,0.893650719491,1.0,0.0
2,0.175024770329,-26.753925887,0.378603924781,-0.0315910834287,0.0115175262815,-0.522393820069,0.85204110628,1.0,0.0
3,0.263131023293,-27.785200473,0.415853934878,-0.0367058696524,0.00617895293194,-0.780431503964,0.624132331556,1.0,0.0
