,Unnamed: 0,x,y,z,qx,qy,qz,qw,type
0,0,0.0,0.0,0.0,0.0,0.0,0.0,1.0,1.0
1,1,-0.258703827858,1.88030350208,0.0,0.0,0.0,0.882053613663,0.47114905715,1.0
