,Unnamed: 0,x,y,z,qx,qy,qz,qw,type
0,0,-1.40794336796,0.0610906295478,0.0,0.0,0.0,0.222561299801,0.974918723106,1.0
1,1,2.60810208321,-0.796056449413,0.0,0.0,0.0,0.999594092369,0.0284904595464,1.0
