,Unnamed: 0,x,y,z,qx,qy,qz,qw,type
0,0,0.569151103497,-0.0947669446468,0.0,0.0,0.0,-0.00379001535475,0.999992847443,1.0
1,1,-1.4769217968,-1.34801590443,0.0,0.0,0.0,-0.00767297344282,0.999970555305,1.0
