,x,y,z,qx,qy,qz,qw,type,map
0,0.00788809452206,0.00510711269453,0.0,0.0,0.0,-0.0100796744227,0.999949216843,1.0,0.0
