,Unnamed: 0,x,y,z,qx,qy,qz,qw,type
0,0,0.000178119458724,0.000851248099934,0.0,0.0,0.0,-0.00597100472078,0.999982178211,1.0
