,Unnamed: 0,x,y,z,qx,qy,qz,qw,type
0,47,36.9843711853,32.1737136841,0,0,0,0.9305034085,-0.3662832329,0
1,48,35.3077278137,28.5025119781,0,0,0,-0.7323411788,0.6809378811,2
2,49,31.8420448303,21.1730098724,0,0,0,-0.8048343634,0.5934994923,0
3,50,30.011177063,12.3629722595,0,0,0,-0.7949394444,0.6066887833,0
4,51,29.6563396454,7.7507305145,0,0,0,-0.8228808588,0.5682139494,0
