,x,y,z,qx,qy,qz,qw,type,map
0,0.0133965453133,-0.00185757351574,0.0,0.0,0.0,8.56034530443e-05,1.0,1.0,0.0
1,0.832585453987,0.590403199196,0.0,0.0,0.0,0.000304242566926,0.999999940395,1.0,0.0
2,-0.00400106422603,0.00334850535728,0.0,0.0,0.0,-0.000225243435125,1.0,1.0,0.0
3,-12.1986932755,12.1502017975,0.0,0.0,0.0,-0.801784157753,0.597613692284,1.0,0.0
4,-12.0688934326,11.1106586456,0.0,0.0,0.0,-0.547027826309,0.837114393711,1.0,0.0
