,Unnamed: 0,x,y,z,qx,qy,qz,qw,type
0,0,0.119184590876,-0.00693624652922,0.0,0.0,0.0,0.323520928621,0.946220993996,1.0
1,1,1.12642586231,0.712507665157,0.0,0.0,0.0,0.424949377775,0.905217111111,1.0
2,2,2.13989043236,1.42183959484,0.0,0.0,0.0,0.127440780401,0.991846203804,1.0
3,3,3.14801573753,0.913641393185,0.0,0.0,0.0,-0.532125115395,0.846665740013,1.0
4,4,3.06072068214,-0.178469911218,0.0,0.0,0.0,-0.940658330917,0.339355170727,1.0
5,5,2.21656346321,-0.715738356113,0.0,0.0,0.0,-0.990981638432,0.133997842669,1.0
6,6,1.0012319088,-0.510681807995,0.0,0.0,0.0,0.99587726593,0.0907107815146,1.0
7,7,-0.0200177300721,-0.376955956221,0.0,0.0,0.0,0.999960064888,0.00893540773541,1.0
