,Unnamed: 0,x,y,z,qx,qy,qz,qw,type
0,0,0.073149740696,2.49313616753,0.0,0.0,0.0,0.766843855381,0.641833662987,1.0
1,1,2.20966339111,-6.53805160522,0.0,0.0,0.0,-0.191485017538,0.981495559216,1.0
2,2,2.94904088974,-7.27615499496,0.0,0.0,0.0,-0.321112930775,0.947040915489,1.0
3,3,2.05627083778,-6.73442077637,0.0,0.0,0.0,-0.298267066479,0.95448243618,1.0
4,4,1.1874370575,-6.21797180176,0.0,0.0,0.0,-0.284098833799,0.958795011044,1.0
5,5,0.34445899725,-5.64090681076,0.0,0.0,0.0,-0.647289693356,0.762244105339,1.0
