,Unnamed: 0,x,y,z,qx,qy,qz,qw,type
0,0,0.000469659164082,0.000454054534202,0.0,0.0,0.0,-0.26311686635,0.964763998985,0.0
1,1,1.00409460068,0.163396149874,0.0,0.0,0.0,0.62308126688,0.782157063484,0.0
2,2,1.97394645214,0.532501280308,0.0,0.0,0.0,0.574193537235,0.818719625473,0.0
3,3,2.93119907379,0.914430141449,0.0,0.0,0.0,0.235457703471,0.971884608269,0.0
4,4,2.26062703133,0.168385028839,0.0,0.0,0.0,-0.463669717312,0.886008143425,0.0
5,5,1.22397065163,0.0616593696177,0.0,0.0,0.0,0.403602600098,0.914934396744,0.0
6,6,0.219430446625,0.00604732241482,0.0,0.0,0.0,-0.974292159081,0.225288331509,0.0
