,x,y,z,qx,qy,qz,qw
0,-8.27957248688,2.73929095268,0.0,0.0,0.0,-0.304503927594,0.952511080293
1,0.948299348354,-3.78277611732,0.0,0.0,0.0,0.927112091838,0.374784163442
2,-6.73409175873,2.00926065445,0.0,0.0,0.0,-0.362644678988,0.931927484734
3,-1.83969378471,-1.22164773941,0.0,0.0,0.0,-0.350566286015,0.936537921875
