,Unnamed: 0,x,y,z,qx,qy,qz,qw,type
0,0,0.393847823143,-2.72521543503,0.0,0.0,0.0,-0.729553043842,0.683924257755,1.0
1,1,-2.22786974907,-1.88612282276,0.0,0.0,0.0,0.966646075249,0.256115883589,1.0
2,2,-2.20183634758,-1.85938405991,0.0,0.0,0.0,0.967359900475,0.253406345844,1.0
3,3,-1.78809940815,-4.56412935257,0.0,0.0,0.0,-0.720804691315,0.693138182163,1.0
