,Unnamed: 0,x,y,z,qx,qy,qz,qw,type
0,0,0.0,0.0,0.0,0.0,0.0,0.0,1.0,1.0
1,1,-0.00351740000769,0.436917185783,0.0,0.0,0.0,0.212830632925,0.977089107037,1.0
2,2,0.0388355925679,-2.08871793747,0.0,0.0,0.0,0.775550067425,0.631286084652,1.0
3,3,0.0388355925679,-2.08871793747,0.0,0.0,0.0,0.775550067425,0.631286084652,1.0
4,4,-3.19288802147,2.15703868866,0.0,0.0,0.0,0.198699221015,0.980060517788,1.0
5,5,-3.19288802147,2.15703868866,0.0,0.0,0.0,0.198699221015,0.980060517788,1.0
6,6,0.815216898918,1.30929780006,0.0,0.0,0.0,0.750568687916,0.660792410374,1.0
