,Unnamed: 0,x,y,z,qx,qy,qz,qw,type
0,0,-6.41387414932,4.1862859726,0.0,0.0,0.0,-0.744970517193,0.667097390576,0.0
1,1,-8.33042240143,1.9283387661,0.0,0.0,0.0,-0.632606177524,0.774473643295,0.0
2,2,-7.7006278038,-0.905708312988,0.0,0.0,0.0,-0.540941035173,0.841060518908,0.0
