,Unnamed: 0,x,y,z,qx,qy,qz,qw,type
0,0,0.174132630229,-0.0410375446081,0.0,0.0,0.0,-0.208288401365,0.978067457676,1.0
1,1,-1.97116696835,-0.835365593433,0.0,0.0,0.0,-0.208386659622,0.978046536446,1.0
