,Unnamed: 0,x,y,z,qx,qy,qz,qw,type
0,0,-0.00613590609282,-3.24812030792,0.0,0.0,0.0,-0.824367880821,0.566054403782,1.0
1,1,-7.2799487114,5.23701572418,0.0,0.0,0.0,0.915777087212,0.401686817408,1.0
