,Unnamed: 0,x,y,z,qx,qy,qz,qw,type
0,0,0.340732932091,-0.383624494076,0.0,0.0,0.0,-0.571799635887,0.820393264294,1.0
1,1,-1.57272863388,-1.74791514874,0.0,0.0,0.0,-0.571746349335,0.820430457592,1.0
2,2,-1.20810472965,-2.68782711029,0.0,0.0,0.0,-0.589999973774,0.80740326643,1.0
3,3,-0.880709588528,-3.66343522072,0.0,0.0,0.0,-0.6018486619,0.798610150814,1.0
4,4,-1.17210388184,-2.68243336678,0.0,0.0,0.0,-0.566869497299,0.82380759716,1.0
5,5,-1.67550110817,-1.80451595783,0.0,0.0,0.0,-0.199210092425,0.979956805706,1.0
6,6,-1.82268249989,-1.70340836048,0.0,0.0,0.0,0.0447836518288,0.998996734619,1.0
