,x,y,z,qx,qy,qz,qw,type,map
0,0.0161327384412,0.00507589103654,0.0,0.0,0.0,0.00021554621344,1.0,1.0,0.0
1,1.00441229343,-0.176387265325,0.0,0.0,0.0,-0.271088927984,0.96255427599,1.0,0.0
2,2.22241353989,1.52428150177,0.0,0.0,0.0,-0.266344517469,0.963877916336,1.0,0.0
3,1.21966874599,1.6455116272,0.0,0.0,0.0,0.886552929878,0.46262717247,1.0,0.0
