,x,y,z,qx,qy,qz,qw,type,map
0,2.39057779312,6.93192434311,0.0,0.0,0.0,-0.583230674267,0.812306582928,1.0,0.0
1,3.08119177818,6.20056295395,0.0,0.0,0.0,-0.209033936262,0.977908372879,1.0,0.0
2,4.13392210007,5.94042158127,0.0,0.0,0.0,-0.0727306678891,0.997351646423,1.0,0.0
3,5.13574314117,5.94598293304,0.0,0.0,0.0,0.0807206556201,0.996736764908,1.0,0.0
