,Unnamed: 0,x,y,z,qx,qy,qz,qw,type
0,0,-6.60008096695,7.31180667877,0.0,0.0,0.0,-0.765907687152,0.6429505539,0.0
1,1,-6.92163896561,0.687277078629,0.0,0.0,0.0,-0.597872176407,0.801591454968,0.0
