,Unnamed: 0,x,y,z,qx,qy,qz,qw,type
0,0,0.0,0.0,0.0,0.0,0.0,0.0,1.0,1.0
1,1,-1.68725919724,0.386076033115,0.0,0.0,0.0,0.177245542407,0.984166681767,1.0
