,x,y,z,qx,qy,qz,qw,type,map
0,0.0156163144857,0.00507561909035,0.0,0.0,0.0,0.00021554621344,1.0,1.0,0.0
