,Unnamed: 0,x,y,z,qx,qy,qz,qw,type
0,0,0.0,0.0,0.0,0.0,0.0,0.0,1.0,1.0
1,1,0.0790155380964,1.97365415096,0.0,0.0,0.0,0.882899165154,0.469562649727,1.0
2,2,0.0790155380964,1.97365415096,0.0,0.0,0.0,0.882899165154,0.469562649727,1.0
3,3,-2.66956949234,2.95279026031,0.0,0.0,0.0,0.914001345634,0.405711144209,1.0
