,Unnamed: 0,x,y,z,qx,qy,qz,qw,type
0,0,0.0128116421402,0.0739995762706,0.0,0.0,0.0,-0.337475627661,0.941334247589,1.0
1,1,-2.15783452988,-0.93173032999,0.0,0.0,0.0,-0.337472647429,0.941335320473,1.0
2,2,-2.10836696625,-1.02586364746,0.0,0.0,0.0,-0.515073895454,0.857145786285,1.0
