,Unnamed: 0,x,y,z,qx,qy,qz,qw,type
0,0,-0.000143531724461,2.59924599959e-05,0.0,0.0,0.0,0.000242049034568,1.0,2.0
