,Unnamed: 0,x,y,z,qx,qy,qz,qw,type
0,0,-14.0388450623,24.4320392609,0.0,0.0,0.0,0.855157744167,0.518367854512,0.0
