,Unnamed: 0,x,y,z,qx,qy,qz,qw,type
0,0,0.000681799196173,-0.000941296399105,0.0,0.0,0.0,-0.000321345840348,0.999999940395,2.0
1,1,0.95813113451,0.316431075335,0.0,0.0,0.0,0.192582860589,0.981280684471,2.0
2,2,1.88079667091,0.707503855228,0.0,0.0,0.0,0.351353734732,0.936242759228,2.0
