,x,y,z,qx,qy,qz,qw,type
0,-7.77515411377,9.5123758316,0.0,0.0,0.0,-0.665163621395,0.746697634102,0.0
1,-6.81786584854,3.63436889648,0.0,0.0,0.0,-0.823137645704,0.567841893687,0.0
2,-6.24575376511,-3.50060391426,0.0,0.0,0.0,-0.565801235612,0.824541667704,0.0
3,-3.80948925018,-8.94013500214,0.0,0.0,0.0,-0.404284504588,0.914633281348,0.0
