,Unnamed: 0,x,y,z,qx,qy,qz,qw,type
0,0,0.0,0.0,0.0,0.0,0.0,0.0,1.0,1.0
1,1,0.0050386111252,2.68475461006,0.0,0.0,0.0,0.898305237293,0.439371943474,1.0
