,Unnamed: 0,x,y,z,qx,qy,qz,qw,type
0,0,0.000237872940488,-0.000131147709908,0.0,0.0,0.0,-0.0312492214143,0.999511599541,1.0
1,1,-0.515038371086,0.87019687891,0.0,0.0,0.0,0.42666053772,0.90441185236,1.0
2,2,-0.120728954673,-0.0839349627495,0.0,0.0,0.0,-0.998818933964,0.0485878102481,1.0
3,3,-0.573471784592,0.819222569466,0.0,0.0,0.0,0.608976721764,0.793188095093,1.0
4,4,-0.134997010231,-0.115599133074,0.0,0.0,0.0,-0.999978244305,0.00659551983699,1.0
