,x,y,z,qx,qy,qz,qw,type,map
0,2.36392021179,7.4261674881,0.0,0.0,0.0,-0.480474025011,0.877008974552,1.0,0.0
1,0.0036729904823,0.0108282864094,0.0,0.0,0.0,0.000798464694526,0.999999701977,1.0,1.0
