,Unnamed: 0,x,y,z,qx,qy,qz,qw,type
0,0,-2.82922244072,-0.28562939167,0.0,0.0,0.0,0.545367062092,0.838197350502,1.0
1,1,-7.53738641739,0.29127779603,0.0,0.0,0.0,0.545455932617,0.838139474392,1.0
