,Unnamed: 0,x,y,z,qx,qy,qz,qw,type
0,0,-1.56478881836,1.22274196148,0.0,0.0,0.0,0.850852251053,0.525404989719,1.0
1,1,0.0,0.0,0.0,0.0,0.0,0.0,1.0,1.0
