,x,y,z,qx,qy,qz,qw
0,12.4097929001,-8.67683887482,0.0,0.0,0.0,0.925929385615,-0.377696667783
1,11.1130552292,-12.1642284393,0.0,0.0,0.0,0.988506566675,-0.151177933711
