,Unnamed: 0,x,y,z,qx,qy,qz,qw,type
0,0,-2.2476246357,-0.780912578106,0.0,0.0,0.0,0.897897893101,-0.440203786405,0.0
