,x,y,z,qx,qy,qz,qw,type,map
0,-0.699942759828,-24.8837391881,0.294161261751,-0.0307270706659,0.0233983273957,-0.723290358714,0.689463140708,1.0,0.0
1,-0.472255225512,-25.8777854542,0.347028080212,-0.0277561316806,0.014594675908,-0.486369994654,0.873190025647,1.0,0.0
