,Unnamed: 0,x,y,z,qx,qy,qz,qw,type
0,0,0.579468011856,-1.18522775173,0.0,0.0,0.0,-0.676451027393,0.736487627029,1.0
1,1,-2.97585773468,-0.711368858814,0.0,0.0,0.0,-0.676516115665,0.736427843571,1.0
2,2,-2.88758897781,-1.37109172344,0.0,0.0,0.0,-0.666751980782,0.745279669762,1.0
3,3,-3.64893388748,-0.351347088814,0.0,0.0,0.0,-0.666614830494,0.745402336121,1.0
