,Unnamed: 0,x,y,z,qx,qy,qz,qw,type
0,0,-44.7179145813,22.7350387573,0.0,0.0,0.0,-0.998340010643,0.057594910264,1.0
1,1,-45.9207305908,22.1968231201,0.0,0.0,0.0,0.991923987865,0.126833692193,1.0
2,2,-43.5133476257,22.5805416107,0.0,0.0,0.0,-0.575011968613,0.818145036697,1.0
3,3,-59.6957931519,29.3225765228,0.0,0.0,0.0,-0.987346291542,0.158579126,1.0
4,4,-45.07081604,26.7072410583,0.0,0.0,0.0,-0.999742388725,0.0226965285838,1.0
5,5,-45.5140380859,24.9183387756,0.0,0.0,0.0,-0.993410825729,0.11460762471,1.0
6,6,-44.9256515503,21.721414566,0.0,0.0,0.0,-0.980386197567,0.197086110711,1.0
7,7,-44.1505737305,22.7256240845,0.0,0.0,0.0,0.997942507267,0.0641152188182,1.0
8,8,-45.2095069885,22.6006679535,0.0,0.0,0.0,0.998372793198,0.0570244789124,1.0
