,x,y,z,qx,qy,qz,qw,type,map
0,0.0127655239776,-0.00185758864973,0.0,0.0,0.0,8.56034530443e-05,1.0,1.0,0.0
1,0.752347230911,0.731240868568,0.0,0.0,0.0,0.222172230482,0.975007414818,1.0,0.0
2,1.71469318867,1.66249501705,0.0,0.0,0.0,0.347578704357,0.937650799751,1.0,0.0
