,x,y,z,qx,qy,qz,qw,type,map
0,0.0156165529042,0.00507565028965,0.0,0.0,0.0,0.00021554621344,1.0,1.0,0.0
1,0.849790930748,-0.704576671124,0.0,0.0,0.0,-0.0699901357293,0.9975476861,1.0,0.0
2,0.258869677782,0.690907418728,0.0,0.0,0.0,-0.539875149727,0.841745078564,1.0,0.0
3,-0.751037836075,0.420129537582,0.0,0.0,0.0,-0.998424172401,0.0561179146171,1.0,0.0
4,2.01687598228,-1.21671056747,0.0,0.0,0.0,0.791361153126,0.611348927021,1.0,0.0
5,2.06381344795,-0.199448466301,0.0,0.0,0.0,0.758337497711,0.651862084866,1.0,0.0
6,2.18743085861,0.828482806683,0.0,0.0,0.0,0.549620211124,0.835414648056,1.0,0.0
7,2.7347278595,1.70427703857,0.0,0.0,0.0,0.508293151855,0.861184120178,1.0,0.0
