,Unnamed: 0,x,y,z,qx,qy,qz,qw,type
0,0,0.253701448441,-0.602092802525,0.0,0.0,0.0,-0.699881613255,0.714258849621,1.0
1,1,-1.78938257694,-1.44291317463,0.0,0.0,0.0,-0.700130939484,0.714014470577,1.0
2,2,-1.90585708618,-0.993129909039,0.0,0.0,0.0,-0.300613760948,0.953745961189,1.0
