,Unnamed: 0,x,y,z,qx,qy,qz,qw,type
0,0,0.000939098070376,0.000451782572782,0.0,0.0,0.0,-0.341541945934,0.939866542816,1.0
1,1,0.931839108467,-0.366697669029,0.0,0.0,0.0,-0.852032124996,0.52348947525,1.0
2,2,0.005074321758,0.0173849016428,0.0,0.0,0.0,0.674962282181,0.737852215767,1.0
