,Unnamed: 0,x,y,z,qx,qy,qz,qw,type
0,0,-9.08538532257,9.96646404266,0.0,0.0,0.0,-0.6329655171,0.774179988221,0.0
