,Unnamed: 0,x,y,z,qx,qy,qz,qw,type
0,0,-44.8038139343,22.7742004395,0.0,0.0,0.0,-0.999619603157,0.02758041583,1.0
1,1,-44.5118026733,24.0288925171,0.0,0.0,0.0,-0.70296818018,0.711221277714,1.0
2,2,-30.7679042816,29.1906528473,0.0,0.0,0.0,0.786178350449,0.61799967289,1.0
3,3,-43.404624939,20.1026172638,0.0,0.0,0.0,0.10663536191,0.994298219681,1.0
4,4,-44.7454071045,19.3576660156,0.0,0.0,0.0,0.793772161007,0.608215212822,1.0
5,5,-46.8886604309,8.39249420166,0.0,0.0,0.0,0.977694928646,0.210030093789,1.0
6,6,-50.3386726379,11.8994665146,0.0,0.0,0.0,0.365745931864,0.930714726448,1.0
