,Unnamed: 0,x,y,z,qx,qy,qz,qw,type
0,0,-7.64198970795,6.34561777115,0.0,0.0,0.0,-0.649781071373,0.760121410884,123.0
1,1,-7.55656385422,2.85460090637,0.0,0.0,0.0,-0.591273964849,0.806470767289,0.0
