,Unnamed: 0,x,y,z,qx,qy,qz,qw,type
0,0,-7.30033826828,3.50553703308,0.0,0.0,0.0,-0.583434685557,0.81216006285,3.0
1,1,-8.74111366272,9.45647621155,0.0,0.0,0.0,-0.673728412493,0.73897904314,6.0
2,2,-9.08717250824,4.57265281677,0.0,0.0,0.0,-0.647406122124,0.762145204693,0.0
