,x,y,z,qx,qy,qz,qw
0,-5.52427387238,1.948564291,0.0,0.0,0.0,0.257322083126,0.966325693302
1,-2.1956319809,3.97223234177,0.0,0.0,0.0,0.341565364711,0.93985802206
2,0.333274126053,5.44898271561,0.0,0.0,0.0,0.326912418236,0.945054639057
