,x,y,z,qx,qy,qz,qw,type,map
0,2.68765544891,6.96465206146,0.0,0.0,0.0,-0.564382255077,0.825513541698,1.0,0.0
1,3.37325954437,6.21584510803,0.0,0.0,0.0,-0.176946237683,0.984220504761,1.0,0.0
2,4.38922262192,5.96497583389,0.0,0.0,0.0,-0.020429700613,0.999791264534,1.0,0.0
3,1.57336890697,1.20214903355,0.0,0.0,0.0,0.535125315189,0.844772696495,1.0,1.0
4,1.95221221447,2.16435861588,0.0,0.0,0.0,0.583624064922,0.812023997307,1.0,1.0
5,2.24460458755,3.13467812538,0.0,0.0,0.0,0.608809530735,0.793316423893,1.0,1.0
