,x,y,z,qx,qy,qz,qw
0,2.073574543,2.04923534393,0.0,0.0,0.0,-0.744995969028,0.667068966548
