,x,y,z,qx,qy,qz,qw,type
0,8.04017e-31,0,0,0,0,2.97852e-39,1
1,8.04017e-31,0,0,0,0,2.97852e-39,1
